Date,Name,Year,Letterboxd URI,Rating
2019-03-04,Bohemian Rhapsody,2018,https://boxd.it/f1TK,3
2019-03-04,The Green Mile,1999,https://boxd.it/2agG,4
2019-03-04,La La Land,2016,https://boxd.it/a5fa,5
2019-03-04,Dead Poets Society,1989,https://boxd.it/2aSg,5
2019-03-04,Inception,2010,https://boxd.it/1skk,5
2019-03-04,Se7en,1995,https://boxd.it/29zs,5
2019-03-04,Star Wars,1977,https://boxd.it/72s,3
2019-03-04,The Lion King,1994,https://boxd.it/201Q,3
2019-03-04,Back to the Future,1985,https://boxd.it/2b8e,5
2019-03-04,Raiders of the Lost Ark,1981,https://boxd.it/2bbs,4
2019-03-04,Toy Story,1995,https://boxd.it/29qA,3
2019-03-04,Memento,2000,https://boxd.it/2bcK,5
2019-03-04,Blade Runner,1982,https://boxd.it/2bcA,4.5
2019-03-04,Interstellar,2014,https://boxd.it/4VZ8,5
2019-03-04,Les Misérables,2012,https://boxd.it/2TT4,5
2019-03-31,To Kill a Mockingbird,1962,https://boxd.it/2a2E,4
2019-03-31,Isn't It Romantic,2019,https://boxd.it/g1jE,2
2019-03-31,The Nightmare Before Christmas,1993,https://boxd.it/1YzQ,4
2019-03-31,School of Rock,2003,https://boxd.it/28xK,4
2019-03-31,Clueless,1995,https://boxd.it/1Ygk,2.5
2019-03-31,Amélie,2001,https://boxd.it/2aUc,4
2019-04-07,The King's Speech,2010,https://boxd.it/dX0,4.5
2019-04-07,Dumbo,2019,https://boxd.it/aNYI,3
2019-04-07,The Edge of Seventeen,2016,https://boxd.it/d5nu,4.5
2019-04-07,The Polar Express,2004,https://boxd.it/23am,0.5
2019-04-12,Minority Report,2002,https://boxd.it/2aWi,3
2019-04-12,Forrest Gump,1994,https://boxd.it/728,4.5
2019-04-12,Groundhog Day,1993,https://boxd.it/2b3e,3.5
2019-04-12,The Greatest Showman,2017,https://boxd.it/acjI,3.5
2019-04-12,Captain Fantastic,2016,https://boxd.it/b2K2,4
2019-04-12,Titanic,1997,https://boxd.it/2a2k,3
2019-04-12,Set It Up,2018,https://boxd.it/dpik,3
2019-04-12,The Intouchables,2011,https://boxd.it/2FT0,4
2019-04-12,Footloose,1984,https://boxd.it/288A,2.5
2019-04-12,Ocean's Eight,2018,https://boxd.it/eaai,3
2019-04-12,Ex Machina,2015,https://boxd.it/7T2k,2.5
2019-04-12,Billy Elliot,2000,https://boxd.it/2bdy,4
2019-04-12,Black Mirror: Bandersnatch,2018,https://boxd.it/kTDG,3.5
2019-04-12,In the Heart of the Sea,2015,https://boxd.it/6avY,3
2019-04-12,Amadeus,1984,https://boxd.it/2aH8,4
2019-04-12,Four Weddings and a Funeral,1994,https://boxd.it/29KA,4.5
2019-04-12,Willy Wonka & the Chocolate Factory,1971,https://boxd.it/2aLu,3.5
2019-04-12,The Shape of Water,2017,https://boxd.it/dZ5m,3
2019-04-12,"Love, Simon",2018,https://boxd.it/g02s,3.5
2019-04-12,Kubo and the Two Strings,2016,https://boxd.it/a4wE,3
2019-04-12,Begin Again,2013,https://boxd.it/5Ybs,4
2019-04-12,Mean Girls,2004,https://boxd.it/1VNg,4
2019-04-14,Get Out,2017,https://boxd.it/eOCm,4
2019-04-15,The Matrix,1999,https://boxd.it/2a1m,4.5
2019-04-15,"The Adventures of Priscilla, Queen of the Desert",1994,https://boxd.it/26mg,4.5
2019-04-15,The Birdcage,1996,https://boxd.it/1UTi,4.5
2019-04-15,Jumanji,1995,https://boxd.it/1ZLI,3.5
2019-04-15,Mrs. Doubtfire,1993,https://boxd.it/29Cw,4
2019-04-15,The Kissing Booth,2018,https://boxd.it/geR0,0.5
2019-04-15,To All the Boys I've Loved Before,2018,https://boxd.it/gHec,2
2019-04-15,Sierra Burgess Is a Loser,2018,https://boxd.it/gyP4,1
2019-04-15,SPF-18,2017,https://boxd.it/gXti,1.5
2019-04-15,How to Build a Better Boy,2014,https://boxd.it/8U9o,0.5
2019-04-15,The Game,1997,https://boxd.it/26vC,4.5
2019-04-17,The Terminator,1984,https://boxd.it/2aQY,3
2019-04-17,Big Fish,2003,https://boxd.it/2a3M,4
2019-04-17,Black Panther,2018,https://boxd.it/8MHs,2
2019-04-17,Like Father,2018,https://boxd.it/iN76,2.5
2019-04-17,Okja,2017,https://boxd.it/dvXe,3.5
2019-04-18,First Man,2018,https://boxd.it/cPym,2.5
2019-04-18,Allegiant,2016,https://boxd.it/7NNE,0.5
2019-04-18,Mamma Mia! Here We Go Again,2018,https://boxd.it/gnfO,2
2019-04-18,The DUFF,2015,https://boxd.it/8eP8,2
2019-04-19,Expelled,2014,https://boxd.it/9LKC,1
2019-04-19,Indiana Jones and the Last Crusade,1989,https://boxd.it/2baO,3.5
2019-04-19,Batman Begins,2005,https://boxd.it/2aIg,3
2019-04-19,Nerve,2016,https://boxd.it/aJIc,1.5
2019-04-19,The Goonies,1985,https://boxd.it/1YVC,4
2019-04-19,Jupiter Ascending,2015,https://boxd.it/2Evm,0.5
2019-04-19,The Perfect Date,2019,https://boxd.it/jP9A,1.5
2019-04-19,How to Train Your Dragon,2010,https://boxd.it/1WRy,2
2019-04-19,How to Train Your Dragon 2,2014,https://boxd.it/2TRW,1.5
2019-04-19,Harry Potter and the Chamber of Secrets,2002,https://boxd.it/29QI,3
2019-04-19,Home Alone,1990,https://boxd.it/29Fg,3.5
2019-04-19,The SpongeBob SquarePants Movie,2004,https://boxd.it/1SYq,1.5
2019-04-19,Bridget Jones: The Edge of Reason,2004,https://boxd.it/1XMa,2.5
2019-04-19,Mary Poppins Returns,2018,https://boxd.it/e4nU,3
2019-04-19,Jurassic Park,1993,https://boxd.it/2aA2,3
2019-04-19,Little Shop of Horrors,1986,https://boxd.it/1Vqm,4
2019-04-20,Fantastic Beasts and Where to Find Them,2016,https://boxd.it/7FPC,2.5
2019-04-20,Hidden Figures,2016,https://boxd.it/dgS4,3
2019-04-20,Mission: Impossible – Fallout,2018,https://boxd.it/bSVc,1
2019-04-20,Bao,2018,https://boxd.it/iEl4,3
2019-04-20,A Quiet Place,2018,https://boxd.it/fVJQ,3.5
2019-04-20,The Boss Baby,2017,https://boxd.it/9mfO,1
2019-04-20,Rogue One: A Star Wars Story,2016,https://boxd.it/aPvy,2
2019-04-20,Paper Towns,2015,https://boxd.it/8T5g,1.5
2019-04-20,Kingsman: The Secret Service,2014,https://boxd.it/6dxe,0.5
2019-04-20,Over the Garden Wall,2014,https://boxd.it/eqFw,5
2019-04-20,Radio Rebel,2012,https://boxd.it/39mq,1
2019-04-20,Geek Charming,2011,https://boxd.it/2Q8k,1
2019-04-20,Beverly Hills Chihuahua 2,2011,https://boxd.it/u2q,0.5
2019-04-20,Percy Jackson & the Olympians: The Lightning Thief,2010,https://boxd.it/1gJi,1.5
2019-04-20,Ready Player One,2018,https://boxd.it/aZes,2.5
2019-04-21,How the Beatles Changed the World,2017,https://boxd.it/i8R8,2.5
2019-04-21,Suicide Squad,2016,https://boxd.it/9row,0.5
2019-04-21,Crazy Rich Asians,2018,https://boxd.it/gfnK,3
2019-04-23,Someone Great,2019,https://boxd.it/iFva,2.5
2019-04-28,Unbreakable,2000,https://boxd.it/1XV2,3.5
2019-05-03,E.T. the Extra-Terrestrial,1982,https://boxd.it/2a1G,3.5
2019-05-19,Jurassic World: Fallen Kingdom,2018,https://boxd.it/bOnU,1.5
2019-05-19,Kingsman: The Golden Circle,2017,https://boxd.it/buJm,1.5
2019-05-19,Letters to Juliet,2010,https://boxd.it/19aK,3
2019-05-20,Léon: The Professional,1994,https://boxd.it/2b8S,4
2019-06-04,Rocketman,2019,https://boxd.it/iehK,4
2019-06-16,Booksmart,2019,https://boxd.it/igNS,4.5
2019-06-16,Black Mirror: Striking Vipers,2019,https://boxd.it/mlse,1.5
2019-06-16,"Black Mirror: Rachel, Jack and Ashley Too",2019,https://boxd.it/mltQ,2
2019-06-16,20th Century Women,2016,https://boxd.it/bqU6,2.5
2019-06-19,The Breakfast Club,1985,https://boxd.it/27q4,4
2019-06-21,Black Mirror: Smithereens,2019,https://boxd.it/mltc,3.5
2019-06-22,Beats,2019,https://boxd.it/hMig,1.5
2019-08-20,Once Upon a Time... in Hollywood,2019,https://boxd.it/gH0O,3
2019-08-20,Generation Wealth,2018,https://boxd.it/hLAI,3
2019-08-21,Kiki's Delivery Service,1989,https://boxd.it/1JAY,3
2019-08-23,Dirty Dancing,1987,https://boxd.it/2baY,2
2019-08-23,Jawbreaker,1999,https://boxd.it/1G7a,2.5
2019-08-28,The Devil Wears Prada,2006,https://boxd.it/2awE,4
2019-08-31,American History X,1998,https://boxd.it/2bdo,4.5
2019-09-08,Black Mirror: San Junipero,2016,https://boxd.it/k4aS,3
2019-09-10,Eye for an Eye,2019,https://boxd.it/l60i,1.5
2019-09-10,Rilakkuma and Kaoru,2019,https://boxd.it/mwug,3
2019-09-21,Tall Girl,2019,https://boxd.it/n9yG,1
2019-09-30,Summer Camp Island,2016,https://boxd.it/eUmY,3.5
2019-10-29,The Perks of Being a Wallflower,2012,https://boxd.it/2ZA8,5
2019-10-29,Fight Club,1999,https://boxd.it/2a9q,5
2019-10-29,The Silence of the Lambs,1991,https://boxd.it/2aHW,4.5
2019-10-29,Edward Scissorhands,1990,https://boxd.it/2aZc,4
2019-11-04,Gilmore Girls: A Year in the Life,2016,https://boxd.it/f9og,0.5
2019-11-05,Pulp Fiction,1994,https://boxd.it/29Pq,5
2019-11-10,Apollo 11,2019,https://boxd.it/k4r0,3.5
2019-11-10,Captains Courageous,1937,https://boxd.it/1K1g,3.5
2019-11-10,Easy A,2010,https://boxd.it/17DK,3
2019-11-11,Parasite,2019,https://boxd.it/hTha,4
2019-11-30,Black Mirror: Shut Up and Dance,2016,https://boxd.it/hRRq,4
2019-12-07,Dave,1993,https://boxd.it/1Txq,3.5
2019-12-26,Little Women,2017,https://boxd.it/hQd0,4
2019-12-26,Back to the Future Part II,1989,https://boxd.it/2aYI,4
2019-12-26,Back to the Future Part III,1990,https://boxd.it/2aTS,4
2020-01-04,Let It Snow,2019,https://boxd.it/9kKg,2.5
2020-01-13,Little Women,2019,https://boxd.it/aSVk,5
2020-01-14,Green Book,2018,https://boxd.it/hErk,2.5
2020-01-14,The Circle,2017,https://boxd.it/bj1I,3
2020-01-16,Don't F**k with Cats: Hunting an Internet Killer,2019,https://boxd.it/oqjq,2
2020-01-24,Witness for the Prosecution,1957,https://boxd.it/18H4,4
2020-01-27,Shaft,2019,https://boxd.it/htPq,1.5
2020-02-01,Watchmen,2019,https://boxd.it/ol5e,4
2020-02-05,Marriage Story,2019,https://boxd.it/hJAw,4
2020-02-10,Sherlock: The Great Game,2010,https://boxd.it/mwRa,4
2020-02-10,Sherlock: A Scandal in Belgravia,2012,https://boxd.it/mwHE,4
2020-02-10,Sherlock: The Reichenbach Fall,2012,https://boxd.it/mwV2,4
2020-02-10,Sherlock: The Empty Hearse,2014,https://boxd.it/mwIM,4
2020-02-10,Sherlock: The Sign of Three,2014,https://boxd.it/mwSs,4
2020-02-10,Sherlock: His Last Vow,2014,https://boxd.it/wls4,3.5
2020-02-10,Sherlock: The Six Thatchers,2017,https://boxd.it/uDZw,3.5
2020-02-10,Sherlock: The Lying Detective,2017,https://boxd.it/uBH6,3.5
2020-02-10,Sherlock: The Final Problem,2017,https://boxd.it/fl5A,3.5
2020-02-10,The Godfather,1972,https://boxd.it/2aNK,3
2020-02-15,To All the Boys: P.S. I Still Love You,2020,https://boxd.it/kJny,2
2020-02-21,Terminator 2: Judgment Day,1991,https://boxd.it/2aGY,2.5
2020-02-21,Us,2019,https://boxd.it/gnV6,3
2020-02-26,Good Will Hunting,1997,https://boxd.it/2ahY,4.5
2020-02-26,Black Mirror: White Bear,2013,https://boxd.it/hRpG,4
2020-02-29,It,2017,https://boxd.it/bC8e,3.5
2020-03-02,One Flew Over the Cuckoo's Nest,1975,https://boxd.it/2aeA,4
2020-03-07,The Specials,2019,https://boxd.it/lifa,3
2020-03-08,Trainspotting,1996,https://boxd.it/29XY,5
2020-03-08,Apollo 13,1995,https://boxd.it/2a6G,4
2020-03-08,The Terminal,2004,https://boxd.it/2a2O,4
2020-03-08,Notting Hill,1999,https://boxd.it/2aeK,4.5
2020-03-08,The Fifth Element,1997,https://boxd.it/71k,4
2020-03-08,1917,2019,https://boxd.it/jj4y,3.5
2020-03-08,Kill Bill: Vol. 1,2003,https://boxd.it/70w,4.5
2020-03-08,Kill Bill: Vol. 2,2004,https://boxd.it/2au4,4
2020-03-08,The Emoji Movie,2017,https://boxd.it/d9x4,0.5
2020-03-08,Sausage Party,2016,https://boxd.it/6CCe,0.5
2020-03-08,"Tad, the Lost Explorer",2012,https://boxd.it/41tA,0.5
2020-03-15,Moonrise Kingdom,2012,https://boxd.it/2Wng,5
2020-03-19,Twinsters,2015,https://boxd.it/axpi,3
2020-03-19,Contagion,2011,https://boxd.it/13rq,3
2020-03-20,Beautiful Boy,2018,https://boxd.it/g76Q,3.5
2020-03-24,Seventeen,2019,https://boxd.it/n52G,3
2020-03-27,Heathers,1989,https://boxd.it/26x4,3.5
2020-03-28,The Money Pit,1986,https://boxd.it/1Wc6,2.5
2020-03-29,The Platform,2019,https://boxd.it/mUm6,3
2020-03-30,Invictus,2009,https://boxd.it/1zPk,2.5
2020-04-02,Cube,1997,https://boxd.it/2aoU,3
2020-04-02,Wonder,2017,https://boxd.it/ekeY,3
2020-04-02,Grease,1978,https://boxd.it/29YW,3.5
2020-04-04,Yesterday,2019,https://boxd.it/iF7M,2.5
2020-04-05,Primal Fear,1996,https://boxd.it/28ws,4
2020-04-06,Frances Ha,2012,https://boxd.it/41Xg,4.5
2020-04-12,The Bling Ring,2013,https://boxd.it/3lPY,2.5
2020-04-16,Unicorn Store,2017,https://boxd.it/f05u,2.5
2020-04-18,Murder on the Orient Express,2017,https://boxd.it/dHjA,2
2020-04-18,A Rainy Day in New York,2019,https://boxd.it/h2z6,4
2020-04-18,The Stanford Prison Experiment,2015,https://boxd.it/9QQK,4
2020-04-22,Spanish Affair,2014,https://boxd.it/6YjI,2.5
2020-04-26,Edge of Tomorrow,2014,https://boxd.it/4pD0,2
2020-04-27,Frozen II,2019,https://boxd.it/aPvo,3
2020-04-27,Napoleon Dynamite,2004,https://boxd.it/20wu,3
2020-04-27,Money Heist: The Phenomenon,2020,https://boxd.it/pJe2,3
2020-04-28,Corpse Bride,2005,https://boxd.it/24WQ,4
2020-04-28,Christopher Robin,2018,https://boxd.it/eSj4,3.5
2020-05-04,Ex Libris: The New York Public Library,2017,https://boxd.it/fSVY,2.5
2020-05-04,Spinners,2014,https://boxd.it/eHsE,2
2020-05-07,Sixteen Candles,1984,https://boxd.it/1MJk,1.5
2020-05-07,The Da Vinci Code,2006,https://boxd.it/2a3i,2
2020-05-07,The Maze Runner,2014,https://boxd.it/5YPM,2
2020-05-11,A Ghost Story,2017,https://boxd.it/fb0K,2.5
2020-05-16,Vertigo,1958,https://boxd.it/2apI,3.5
2020-05-18,The Sixth Sense,1999,https://boxd.it/29Js,3.5
2020-05-31,Shutter Island,2010,https://boxd.it/1U82,3.5
2020-06-01,Life Itself,2018,https://boxd.it/fUda,2
2020-06-06,The Theory of Everything,2014,https://boxd.it/7YtA,3
2020-06-07,L.A. Confidential,1997,https://boxd.it/27oC,4.5
2020-06-11,Wildlife,2018,https://boxd.it/eKYe,3
2020-06-14,Bad Education,2019,https://boxd.it/jiME,3.5
2020-06-15,As Good as It Gets,1997,https://boxd.it/268y,3.5
2020-06-26,It's Kind of a Funny Story,2010,https://boxd.it/Tfa,3
2020-06-29,The Virgin Suicides,1999,https://boxd.it/28JG,4
2020-07-01,Black Mirror: Fifteen Million Merits,2011,https://boxd.it/hQYU,4
2020-07-05,Black Mirror: The Waldo Moment,2013,https://boxd.it/hRpQ,3
2020-07-05,Black Mirror: White Christmas,2014,https://boxd.it/B3qu,3.5
2020-07-12,Submarine,2010,https://boxd.it/H4a,4
2020-07-12,Eternal Sunshine of the Spotless Mind,2004,https://boxd.it/6YK,2.5
2020-07-12,Mona Lisa Smile,2003,https://boxd.it/1T0Q,3
2020-07-15,The Farewell,2019,https://boxd.it/kIky,4
2020-07-18,Some Like It Hot,1959,https://boxd.it/2aNA,4.5
2020-07-25,Paddington 2,2017,https://boxd.it/bCF8,4
2020-07-27,The Private Life of Sherlock Holmes,1970,https://boxd.it/23eI,3
2020-07-29,Harry Potter and the Prisoner of Azkaban,2004,https://boxd.it/29Qy,5
2020-08-13,Military Wives,2019,https://boxd.it/mQBc,2.5
2020-08-13,Bend It Like Beckham,2002,https://boxd.it/2am0,3.5
2020-08-19,The Princess Bride,1987,https://boxd.it/26EY,2.5
2020-08-19,Return of the Jedi,1983,https://boxd.it/27Vm,3.5
2020-08-19,2001: A Space Odyssey,1968,https://boxd.it/2bf0,5
2020-08-19,The Sound of Music,1965,https://boxd.it/1MLK,3
2020-08-19,Mary Poppins,1964,https://boxd.it/2aoA,3.5
2020-08-19,Alice in Wonderland,1951,https://boxd.it/1Sz6,3.5
2020-10-03,Enola Holmes,2020,https://boxd.it/hX2o,4
2020-10-04,Les Misérables,2019,https://boxd.it/lAPA,4.5
2020-10-05,Greenland,2020,https://boxd.it/j1Um,3
2020-10-11,Pride & Prejudice,2005,https://boxd.it/24u8,4.5
2020-10-13,Stand by Me,1986,https://boxd.it/2aOe,4
2020-11-02,Quiz,2020,https://boxd.it/pSzS,3
2020-11-03,8 Mile,2002,https://boxd.it/2bew,3.5
2020-11-03,Emma.,2020,https://boxd.it/kmg0,4
2020-11-04,Philadelphia,1993,https://boxd.it/1XMk,3.5
2020-11-16,Donnie Darko,2001,https://boxd.it/2b2A,3.5
2020-11-29,The Queen's Gambit,2020,https://boxd.it/s1Ym,4.5
2020-11-30,The Commitments,1991,https://boxd.it/1TiA,4.5
2020-12-19,Shakespeare in Love,1998,https://boxd.it/27Pe,3
2020-12-19,Hannibal,2001,https://boxd.it/1XVc,3
2020-12-20,My Life as a Zucchini,2016,https://boxd.it/dL2y,4.5
2020-12-21,Love Actually,2003,https://boxd.it/2aeU,5
2021-01-05,The Midnight Sky,2020,https://boxd.it/mK6C,2.5
2021-01-09,The Minimalists: Less Is Now,2021,https://boxd.it/t5Ww,2
2021-01-18,Fisherman's Friends,2019,https://boxd.it/kup0,3
2021-01-25,Snatch,2000,https://boxd.it/2b7U,4.5
2021-01-30,The Dark Knight Rises,2012,https://boxd.it/H3m,3.5
2021-01-31,Rushmore,1998,https://boxd.it/1TAO,3.5
2021-02-01,The Wolf of Wall Street,2013,https://boxd.it/3C1m,4.5
2021-02-13,The Fisher King,1991,https://boxd.it/2aWM,3.5
2021-02-15,Miss Americana,2020,https://boxd.it/oifq,4.5
2021-02-22,Promising Young Woman,2020,https://boxd.it/loRE,3.5
2021-02-23,Before Sunrise,1995,https://boxd.it/2bcU,5
2021-03-03,Portrait of a Lady on Fire,2019,https://boxd.it/jkPq,4.5
2021-03-03,Her,2013,https://boxd.it/4O24,5
2021-03-21,John Tucker Must Die,2006,https://boxd.it/1Z2S,3
2021-03-30,Minari,2020,https://boxd.it/mL9M,3.5
2021-04-02,Palm Springs,2020,https://boxd.it/lCXQ,3.5
2021-04-03,Pride,2014,https://boxd.it/6TwM,4.5
2021-04-05,Nomadland,2020,https://boxd.it/lnRy,3
2021-04-05,Howl's Moving Castle,2004,https://boxd.it/23De,4
2021-04-18,Hoosiers,1986,https://boxd.it/22Ke,3.5
2021-05-02,I Care a Lot,2020,https://boxd.it/mcHk,3
2021-05-04,The Squid and the Whale,2005,https://boxd.it/1VAG,4
2021-05-29,"Torrente, the Dumb Arm of the Law",1998,https://boxd.it/28Wg,3
2021-06-01,10 Things I Hate About You,1999,https://boxd.it/23AO,5
2021-06-05,Bo Burnham: Inside,2021,https://boxd.it/v2uy,5
2021-06-13,Cruella,2021,https://boxd.it/bbKg,3
2021-06-20,Circle,2015,https://boxd.it/b5So,2.5
2021-06-21,The King of Staten Island,2020,https://boxd.it/litG,3.5
2021-06-27,Baby Driver,2017,https://boxd.it/bhF2,3.5
2021-07-04,The Truman Show,1998,https://boxd.it/18U8,5
2021-07-05,In the Heights,2021,https://boxd.it/gLhu,3.5
2021-07-11,A Quiet Place Part II,2020,https://boxd.it/iTx0,3.5
2021-07-11,Rain Man,1988,https://boxd.it/2avw,4.5
2021-07-17,Clue,1985,https://boxd.it/1MDQ,2.5
2021-07-18,But I'm a Cheerleader,1999,https://boxd.it/1CW4,3.5
2021-07-22,Dark Blue Almost Black,2006,https://boxd.it/24ZK,3
2021-07-22,Molly's Game,2017,https://boxd.it/dSl8,4
2021-07-22,Pitch Perfect,2012,https://boxd.it/3OsE,4
2021-08-07,Almost Famous,2000,https://boxd.it/29CQ,3.5
2021-08-09,The Untouchables,1987,https://boxd.it/2b6i,4
2021-08-21,Old,2021,https://boxd.it/npKI,3
2021-08-23,Nine Queens,2000,https://boxd.it/1HBA,3
2021-08-24,Zodiac,2007,https://boxd.it/27MO,4
2021-08-24,The Dark Knight,2008,https://boxd.it/2b0k,4.5
2021-09-06,Radio Days,1987,https://boxd.it/1kms,4
2021-09-12,Split,2016,https://boxd.it/dgSy,3.5
2021-09-20,Dune,2021,https://boxd.it/fA7G,5
2021-10-04,Glass,2019,https://boxd.it/g3uO,2.5
2021-10-04,She's All That,1999,https://boxd.it/1Wz0,2.5
2021-10-11,Parallel Mothers,2021,https://boxd.it/sOP4,3
2021-10-15,Knives Out,2019,https://boxd.it/jWEA,4.5
2021-10-24,Downsizing,2017,https://boxd.it/9Ajq,2
2021-11-01,"The French Dispatch of the Liberty, Kansas Evening Sun",2021,https://boxd.it/jLP8,4
2021-11-07,"Legally Blonde 2: Red, White & Blonde",2003,https://boxd.it/1Wxe,2.5
2021-11-07,Enemy,2013,https://boxd.it/5xtO,1.5
2021-11-11,Finch,2021,https://boxd.it/iXBq,3
2021-11-21,American Psycho,2000,https://boxd.it/28Vs,4.5
2021-11-29,House of Gucci,2021,https://boxd.it/nVkC,3.5
2021-12-04,The Hurricane,1999,https://boxd.it/1Wmg,3.5
2021-12-19,Spider-Man: Into the Spider-Verse,2018,https://boxd.it/azpY,4
2022-01-08,West Side Story,2021,https://boxd.it/iwt0,3.5
2022-01-10,The Outsiders,1983,https://boxd.it/2aPw,4
2022-01-10,Punch-Drunk Love,2002,https://boxd.it/20E4,2.5
2022-01-17,Being the Ricardos,2021,https://boxd.it/iJQc,3
2022-01-21,The Boy in the Striped Pyjamas,2008,https://boxd.it/1NOK,2
2022-02-07,The Eyes of Tammy Faye,2021,https://boxd.it/mbB6,3
2022-02-07,The Green Knight,2021,https://boxd.it/kuy2,2
2022-02-20,The Big Short,2015,https://boxd.it/ajZw,4.5
2022-02-26,Zombieland,2009,https://boxd.it/1En6,4
2022-02-26,Death on the Nile,2022,https://boxd.it/ifpg,1.5
2022-03-07,Pretty Woman,1990,https://boxd.it/2b6M,3.5
2022-03-09,Ferris Bueller's Day Off,1986,https://boxd.it/1YPY,3.5
2022-03-13,Saving Private Ryan,1998,https://boxd.it/29ro,4.5
2022-03-13,Slumdog Millionaire,2008,https://boxd.it/1S3E,4
2022-04-09,Fantastic Beasts: The Crimes of Grindelwald,2018,https://boxd.it/bg8G,2.5
2022-04-09,The Day of the Beast,1995,https://boxd.it/1Vyg,3.5
2022-04-10,Zombieland: Double Tap,2019,https://boxd.it/bgb6,3
2022-04-11,Worth,2020,https://boxd.it/o7ZM,3
2022-04-25,The Worst Person in the World,2021,https://boxd.it/oyws,5
2022-06-23,Everything Everywhere All at Once,2022,https://boxd.it/jUk4,4
2022-06-28,Erin Brockovich,2000,https://boxd.it/2al2,3.5
2022-07-10,Brokeback Mountain,2005,https://boxd.it/2b2q,5
2022-07-28,The Purple Rose of Cairo,1985,https://boxd.it/1VeU,4
2022-07-28,Take the Money and Run,1969,https://boxd.it/1TJQ,3.5
2022-07-30,Operation Mincemeat,2021,https://boxd.it/oAY4,3.5
2022-08-04,Memoirs of a Geisha,2005,https://boxd.it/27TA,2.5
2022-08-15,Blinded by the Light,2019,https://boxd.it/jrYO,3
2022-08-15,The Amazing Spider-Man,2012,https://boxd.it/27PI,3.5
2022-08-15,The Amazing Spider-Man 2,2014,https://boxd.it/3utM,2.5
2022-08-15,Normal People,2020,https://boxd.it/q2VY,5
2022-08-17,Zero Dark Thirty,2012,https://boxd.it/3n1w,3.5
2022-08-21,Barton Fink,1991,https://boxd.it/2aFQ,2
2022-08-21,Popstar: Never Stop Never Stopping,2016,https://boxd.it/blDa,1.5
2022-08-27,Hot Summer Nights,2017,https://boxd.it/bFIE,3
2022-09-12,The Queen,2006,https://boxd.it/292e,3
2022-10-02,Belfast,2021,https://boxd.it/tefG,3.5
2022-10-02,Boiling Point,2021,https://boxd.it/uo2u,5
2022-10-02,Carol,2015,https://boxd.it/7DPK,4.5
2022-10-02,Do Revenge,2022,https://boxd.it/sFiA,2.5
2022-10-02,Not Okay,2022,https://boxd.it/vCEY,2.5
2022-10-02,Ready or Not,2019,https://boxd.it/kOf0,2
2022-10-02,The Great Gatsby,2013,https://boxd.it/JY,2
2022-10-02,Land of Mine,2015,https://boxd.it/b5ee,4.5
2022-10-02,Annie Hall,1977,https://boxd.it/29M2,5
2022-10-02,Shiva Baby,2020,https://boxd.it/oIv0,4
2022-10-09,"Three Billboards Outside Ebbing, Missouri",2017,https://boxd.it/ceBS,3.5
2022-10-09,Don't Look Up,2021,https://boxd.it/o0Hc,3
2022-10-22,Beetlejuice,1988,https://boxd.it/24QI,3
2022-10-27,The 12th Suspect,2019,https://boxd.it/mmRY,1.5
2022-10-27,Queer You Are,2021,https://boxd.it/yFa4,4
2022-10-30,East of Eden,1955,https://boxd.it/2aQE,2
2022-10-30,Hot Fuzz,2007,https://boxd.it/2416,3
2022-11-01,Chungking Express,1994,https://boxd.it/1UDa,3
2022-11-02,Stalker,1979,https://boxd.it/28PO,4
2022-11-06,Entergalactic,2022,https://boxd.it/CPN4,2.5
2022-11-08,Lethal Weapon,1987,https://boxd.it/29e0,3.5
2022-11-13,Gattaca,1997,https://boxd.it/29Du,3.5
2022-11-13,The Front Page,1974,https://boxd.it/299a,4
2022-11-19,Holmes & Watson: Madrid Days,2012,https://boxd.it/42ak,2
2022-11-20,Cousinhood,2011,https://boxd.it/oB0,3.5
2022-12-04,Turning Red,2022,https://boxd.it/ipkq,2.5
2022-12-04,Sunshine on Leith,2013,https://boxd.it/6nzu,3.5
2022-12-04,Nope,2022,https://boxd.it/sDCe,1.5
2022-12-05,Bones and All,2022,https://boxd.it/tLd4,2.5
2022-12-05,The Menu,2022,https://boxd.it/lScm,2
2022-12-05,Anatomy of a Murder,1959,https://boxd.it/2baa,4.5
2022-12-17,It's a Wonderful Life,1946,https://boxd.it/28xA,2.5
2022-12-25,Monty Python's The Meaning of Life,1983,https://boxd.it/249E,4.5
2022-12-26,All Quiet on the Western Front,2022,https://boxd.it/H08,4.5
2022-12-26,GoodFellas,1990,https://boxd.it/29FA,4
2022-12-31,Aftersun,2022,https://boxd.it/Arw0,5
2023-01-23,The Pale Blue Eye,2022,https://boxd.it/u8tk,3.5
2023-01-24,The Blues Brothers,1980,https://boxd.it/2adi,4
2023-01-24,Marie Antoinette,2006,https://boxd.it/27Wa,4
2023-01-24,Miss Sloane,2016,https://boxd.it/d4QA,3.5
2023-01-24,Gosford Park,2001,https://boxd.it/239e,2
2023-01-24,The Batman,2022,https://boxd.it/eDGs,3.5
2023-01-25,Le Cercle Rouge,1970,https://boxd.it/1Tjy,3
2023-02-14,Babylon,2022,https://boxd.it/mM02,3.5
2023-02-15,The Banshees of Inisherin,2022,https://boxd.it/p7XS,3.5
2023-02-19,Monty Python and the Holy Grail,1975,https://boxd.it/29GI,5
2023-02-19,The Night of the 12th,2022,https://boxd.it/yQoG,2
2023-02-26,The Secret Life of Pets,2016,https://boxd.it/aJ5E,1.5
2023-03-19,Taxi Driver,1976,https://boxd.it/2b8y,5
2023-03-19,Lady Bird,2017,https://boxd.it/dGNE,4.5
2023-04-03,Top Gun: Maverick,2022,https://boxd.it/cjr4,2
2023-04-03,Insomnia,2002,https://boxd.it/2aB0,2.5
2023-04-11,Dark Waters,2019,https://boxd.it/kaYu,3
2023-04-15,Paprika,2006,https://boxd.it/23wW,3.5
2023-04-17,The Seven-Per-Cent Solution,1976,https://boxd.it/1naO,2.5
2023-05-01,Jerry Maguire,1996,https://boxd.it/1YNS,3.5
2023-05-23,Kramer vs. Kramer,1979,https://boxd.it/h0w,5
2023-06-10,Spider-Man: Across the Spider-Verse,2023,https://boxd.it/kSz4,4
2023-06-11,The Art of Getting By,2011,https://boxd.it/KC,1.5
2023-06-19,Asteroid City,2023,https://boxd.it/s3ds,4
2023-06-26,Interiors,1978,https://boxd.it/1LlQ,2.5
2023-06-30,No Hard Feelings,2023,https://boxd.it/xouu,2.5
2023-07-03,Indiana Jones and the Dial of Destiny,2023,https://boxd.it/b8vM,2.5
2023-07-09,Bottle Rocket,1996,https://boxd.it/1PDa,3.5
2023-07-09,The Life Aquatic with Steve Zissou,2004,https://boxd.it/2aqw,3.5
2023-07-09,Fantastic Mr. Fox,2009,https://boxd.it/1WyQ,3.5
2023-07-09,The Darjeeling Limited,2007,https://boxd.it/24as,4.5
2023-07-09,The Royal Tenenbaums,2001,https://boxd.it/1YHU,4.5
2023-07-10,The Angels' Share,2012,https://boxd.it/3wNE,3
2023-07-10,Operation Varsity Blues: The College Admissions Scandal,2021,https://boxd.it/u5UW,2.5
2023-07-21,The Hangover,2009,https://boxd.it/1GjK,2
2023-07-23,12 Angry Men,1957,https://boxd.it/2auI,5
2023-07-23,Legally Blonde,2001,https://boxd.it/1ZNa,3.5
2023-07-25,The Graduate,1967,https://boxd.it/18Im,4.5
2023-08-05,Oppenheimer,2023,https://boxd.it/wUow,3.5
2023-08-05,World of Tomorrow Episode Two: The Burden of Other People's Thoughts,2017,https://boxd.it/gU8m,1
2023-08-05,The Sting,1973,https://boxd.it/1Z5s,4.5
2023-08-07,Romeo + Juliet,1996,https://boxd.it/2ama,1.5
2023-08-07,The Great Escape,1963,https://boxd.it/22kA,4.5
2023-08-12,The Party,2017,https://boxd.it/eEVS,2
2023-08-23,Sweet Bean,2015,https://boxd.it/alaK,4
2023-08-23,Sleuth,1972,https://boxd.it/298c,5
2023-08-23,Searching,2018,https://boxd.it/hDPg,3
2023-08-23,Virgin Mountain,2015,https://boxd.it/aorY,4.5
2023-08-23,Airplane!,1980,https://boxd.it/29yu,5
2023-08-23,"Dawn Breaks, Which Is No Small Thing",1989,https://boxd.it/1DcQ,4.5
2023-08-29,Sense and Sensibility,1995,https://boxd.it/244E,4
2023-10-10,Love & Death,2023,https://boxd.it/Gdw8,2
2023-10-17,Blonde,2022,https://boxd.it/9AG0,1
2023-10-21,All About My Mother,1999,https://boxd.it/2b9c,3.5
2023-10-25,"Red, White & Royal Blue",2023,https://boxd.it/z3iG,1.5
2023-10-28,Pain and Glory,2019,https://boxd.it/iOBQ,4
2023-10-28,The Shawshank Redemption,1994,https://boxd.it/2aHi,5
2023-10-29,The Killer,2023,https://boxd.it/u6WE,4
2023-11-05,Hereditary,2018,https://boxd.it/hNVe,3
2023-11-05,Orgazmo,1997,https://boxd.it/1ZXO,0.5
2023-11-06,Theater Camp,2023,https://boxd.it/Bfbm,4
2023-11-12,The Social Network,2010,https://boxd.it/17ue,3.5
2023-11-18,Memories of Murder,2003,https://boxd.it/1TSo,5
2023-11-18,Alphaville,1965,https://boxd.it/20AG,4
2023-11-25,Akira,1988,https://boxd.it/2b1i,2
2023-11-26,See How They Run,2022,https://boxd.it/sNVq,3
2023-11-27,Napoleon,2023,https://boxd.it/shJM,3
2023-12-02,Isle of Dogs,2018,https://boxd.it/dZrW,3.5
2023-12-07,This Is England,2006,https://boxd.it/1T44,5
2023-12-08,Anatomy of a Fall,2023,https://boxd.it/yuDE,3.5
2023-12-15,The Family Stone,2005,https://boxd.it/1Zja,2.5
2023-12-15,While You Were Sleeping,1995,https://boxd.it/27wm,3
2023-12-17,The Usual Suspects,1995,https://boxd.it/29XE,4.5
2023-12-17,The Holiday,2006,https://boxd.it/28ye,3.5
2023-12-20,Sleepless in Seattle,1993,https://boxd.it/29re,2
2023-12-23,Call Me by Your Name,2017,https://boxd.it/dYmm,4
2023-12-31,TÁR,2022,https://boxd.it/uNIA,2.5
2024-01-05,Saltburn,2023,https://boxd.it/z4eg,2.5
2024-01-06,Barbie,2023,https://boxd.it/bCLK,4.5
2024-01-06,"Girl, Interrupted",1999,https://boxd.it/25ds,3.5
2024-01-06,The Lord of the Rings: The Two Towers,2002,https://boxd.it/2b5E,4
2024-01-06,Glass Onion,2022,https://boxd.it/oCkK,3
2024-01-08,Whiplash,2014,https://boxd.it/7bQA,5
2024-01-15,The Holdovers,2023,https://boxd.it/vHza,5
2024-01-15,"20,000 Species of Bees",2023,https://boxd.it/DRPy,4.5
2024-01-15,Drive,2011,https://boxd.it/IG,4
2024-01-15,Black Swan,2010,https://boxd.it/Sw0,3.5
2024-01-15,The Village,2004,https://boxd.it/21iS,4
2024-01-15,The Prestige,2006,https://boxd.it/293w,5
2024-01-15,Juno,2007,https://boxd.it/210a,4.5
2024-01-15,Me and Earl and the Dying Girl,2015,https://boxd.it/9SAE,3.5
2024-01-15,Eighth Grade,2018,https://boxd.it/hDMG,4
2024-01-16,Fargo,1996,https://boxd.it/2aHM,4
2024-01-16,Once in a Lifetime,2014,https://boxd.it/9FKc,2.5
2024-01-21,Society of the Snow,2023,https://boxd.it/y9aw,4.5
2024-01-21,Election,1999,https://boxd.it/1YEc,2
2024-01-24,"Crazy, Stupid, Love.",2011,https://boxd.it/D9A,2
2024-01-27,Little Miss Sunshine,2006,https://boxd.it/29EW,4.5
2024-01-27,The Name of the Rose,1986,https://boxd.it/2aUw,4.5
2024-01-28,Perfect Days,2023,https://boxd.it/ATh8,5
2024-01-28,Wonka,2023,https://boxd.it/tCQm,3
2024-01-28,Past Lives,2023,https://boxd.it/oNB8,3.5
2024-01-28,A Brighter Tomorrow,2023,https://boxd.it/yQy2,4.5
2024-02-02,Midsommar,2019,https://boxd.it/jhxe,3.5
2024-02-04,Sideways,2004,https://boxd.it/1Y5c,4
2024-02-12,Poor Things,2023,https://boxd.it/tNWU,4.5
2024-02-12,Robot Dreams,2023,https://boxd.it/vBZm,3.5
2024-02-15,Priscilla,2023,https://boxd.it/Cz3k,3
2024-02-17,The Lego Movie,2014,https://boxd.it/4pDO,2.5
2024-02-19,Killers of the Flower Moon,2023,https://boxd.it/gHp0,2.5
2024-02-24,Hairspray,2007,https://boxd.it/261M,4
2024-02-25,Life Is Beautiful,1997,https://boxd.it/29Wm,1
2024-03-03,Igby Goes Down,2002,https://boxd.it/1Y3A,3
2024-03-04,Dune: Part Two,2024,https://boxd.it/pUfA,5
2024-03-09,American Fiction,2023,https://boxd.it/DYHm,3
2024-03-17,American Beauty,1999,https://boxd.it/71Y,4.5
2024-03-17,Prisoners,2013,https://boxd.it/4E5i,4.5
2024-03-18,The Iron Claw,2023,https://boxd.it/w5Pm,5
2024-03-24,Mulholland Drive,2001,https://boxd.it/297o,2.5
2024-03-25,The Thing,1982,https://boxd.it/294O,4
2024-03-26,We're the Millers,2013,https://boxd.it/4srQ,1
2024-03-27,Confessions of a Teenage Drama Queen,2004,https://boxd.it/1UyE,3
2024-03-28,Mean Girls,2024,https://boxd.it/p6nO,2.5
2024-03-28,Women on the Verge of a Nervous Breakdown,1988,https://boxd.it/24GI,4.5
2024-03-28,The Florida Project,2017,https://boxd.it/dMG0,5
2024-03-28,Joker,2019,https://boxd.it/h4cS,4
2024-03-28,Singin' in the Rain,1952,https://boxd.it/29oY,4.5
2024-03-28,Arrival,2016,https://boxd.it/aNGk,5
2024-03-28,Lost in Translation,2003,https://boxd.it/2b0E,5
2024-03-28,Gone Girl,2014,https://boxd.it/6hQu,4.5
2024-03-28,The Princess Diaries,2001,https://boxd.it/1XCO,3.5
2024-03-28,Paddington,2014,https://boxd.it/3RKw,3.5
2024-03-28,Scott Pilgrim vs. the World,2010,https://boxd.it/1Aq6,4
2024-03-28,The Martian,2015,https://boxd.it/8SeG,4
2024-03-28,The Big Lebowski,1998,https://boxd.it/2b6C,4
2024-03-28,The Rocky Horror Picture Show,1975,https://boxd.it/1a3q,4.5
2024-03-28,Mean Girls 2,2011,https://boxd.it/Bje,1
2024-03-30,The Lord of the Rings: The Return of the King,2003,https://boxd.it/2b5u,5
2024-03-30,The Lord of the Rings: The Fellowship of the Ring,2001,https://boxd.it/2b5O,4.5
2024-03-30,Sing Street,2016,https://boxd.it/cOo6,4.5
2024-03-30,The Anthrax Attacks: In the Shadow of 9/11,2022,https://boxd.it/CjAC,1.5
2024-04-01,The Green Ray,1986,https://boxd.it/t8W,4.5
2024-04-01,Get a Clue,2002,https://boxd.it/1unU,1.5
2024-04-02,While at War,2019,https://boxd.it/jNR6,2.5
2024-04-06,The House That Jack Built,2018,https://boxd.it/dWO4,5
2024-04-07,No Country for Old Men,2007,https://boxd.it/21ew,3.5
2024-04-08,Saw,2004,https://boxd.it/2aWW,4.5
2024-04-08,Thelma & Louise,1991,https://boxd.it/28Ew,1.5
2024-04-08,May December,2023,https://boxd.it/vEE2,3
2024-04-20,Oldboy,2003,https://boxd.it/29R2,4.5
2024-04-20,All of Us Strangers,2023,https://boxd.it/Bz3C,4
2024-04-21,Fallen Leaves,2023,https://boxd.it/Bgew,2
2024-05-02,Challengers,2024,https://boxd.it/zld0,2
2024-05-05,The Idea of You,2024,https://boxd.it/vOW6,1.5
2024-05-11,Zip & Zap and the Captain's Island,2016,https://boxd.it/cH8A,1
2024-05-18,Bring It On,2000,https://boxd.it/28x6,4
2024-06-13,Dick,1999,https://boxd.it/1KaC,2.5
2024-06-13,Bodies Bodies Bodies,2022,https://boxd.it/iRcE,3
2024-06-13,Spring Breakers,2012,https://boxd.it/421s,1
2024-06-15,The Hunger Games: The Ballad of Songbirds & Snakes,2023,https://boxd.it/pZCY,3.5
2024-06-17,I Saw the TV Glow,2024,https://boxd.it/woVe,4.5
2024-07-05,About Time,2013,https://boxd.it/43bI,4
2024-07-05,Twilight,2008,https://boxd.it/1Zui,1
2024-07-05,"Love, Divided",2024,https://boxd.it/BZRo,0.5
2024-07-13,Kinds of Kindness,2024,https://boxd.it/CWPw,2.5
2024-07-13,Camp Rock 2: The Final Jam,2010,https://boxd.it/Sru,3
2024-07-14,The Bikeriders,2023,https://boxd.it/C6Ym,3
2024-07-15,Civil War,2024,https://boxd.it/z1jW,4.5
2024-07-19,Inside Out 2,2024,https://boxd.it/CFrC,3.5
2024-07-22,Twelve Monkeys,1995,https://boxd.it/2beQ,4
2024-07-22,Moxie,2021,https://boxd.it/lsQK,2
2024-07-24,Birdman or (The Unexpected Virtue of Ignorance),2014,https://boxd.it/5RFA,4.5
2024-07-26,Ghost World,2001,https://boxd.it/28Dy,3
2024-07-29,Anyone But You,2023,https://boxd.it/EzA8,2.5
2024-08-01,The Imitation Game,2014,https://boxd.it/6aig,3.5
2024-08-01,Chicago,2002,https://boxd.it/28zm,4
2024-08-03,SLC Punk,1998,https://boxd.it/21JY,3.5
2024-08-03,The Nice Guys,2016,https://boxd.it/94Hg,3
2024-08-03,Sherlock Holmes in Washington,1943,https://boxd.it/S5y,2.5
2024-08-06,God Help the Girl,2014,https://boxd.it/7dCq,2.5
2024-08-07,The Boy and the Heron,2023,https://boxd.it/ipeM,2
2024-08-08,Longlegs,2024,https://boxd.it/KzLM,4.5
2024-08-09,Cure,1997,https://boxd.it/1blA,3.5
2024-08-12,Trap,2024,https://boxd.it/D4nK,1.5
2024-08-13,"Synecdoche, New York",2008,https://boxd.it/23zw,5
2024-08-15,Top Secret!,1984,https://boxd.it/1ZSE,4.5
2024-08-20,Triangle of Sadness,2022,https://boxd.it/hXlq,4
2024-08-20,Scrapper,2023,https://boxd.it/zht4,3
2024-08-21,Ocean's Eleven,2001,https://boxd.it/2aZm,4
2024-08-21,Alien,1979,https://boxd.it/2awY,2.5
2024-08-26,The Naked Gun: From the Files of Police Squad!,1988,https://boxd.it/18YE,3.5
2024-09-06,Clerks,1994,https://boxd.it/2706,3
2024-09-07,The Social Dilemma,2020,https://boxd.it/opQI,2.5
2024-09-07,Won't You Be My Neighbor?,2018,https://boxd.it/hDPU,3.5
2024-09-07,Supersonic,2016,https://boxd.it/eyzG,4
2024-09-08,Perfect Blue,1997,https://boxd.it/1W7A,4.5
2024-09-20,Rye Lane,2023,https://boxd.it/DIyy,2.5
2024-09-20,Show Me Love,1998,https://boxd.it/1TmW,4
2024-10-12,Melancholia,2011,https://boxd.it/bPI,3
2024-10-13,High Fidelity,2000,https://boxd.it/2aMW,3.5
2024-10-17,Morbius,2022,https://boxd.it/j978,0.5
2024-10-20,The Apprentice,2024,https://boxd.it/IPqG,3.5
2024-10-26,Midnight in Paris,2011,https://boxd.it/i4a,5
2024-10-26,Manhattan Murder Mystery,1993,https://boxd.it/1Wg8,5
2024-10-26,Manhattan,1979,https://boxd.it/29Na,4.5
2024-10-26,Hannah and Her Sisters,1986,https://boxd.it/23jy,4.5
2024-10-26,Crimes and Misdemeanors,1989,https://boxd.it/1Ty4,4
2024-10-28,The Trial of the Chicago 7,2020,https://boxd.it/kn3w,3.5
2024-10-28,"Paris, Texas",1984,https://boxd.it/29Ts,5
2024-10-29,The Substance,2024,https://boxd.it/zanS,4
2024-11-02,X,2022,https://boxd.it/sxVa,2.5
2024-11-02,(500) Days of Summer,2009,https://boxd.it/1EmM,5
2024-11-02,John Adams,2008,https://boxd.it/3VKK,5
2024-11-02,Mamma Mia!,2008,https://boxd.it/1Tnq,4
2024-11-02,Carrie,1976,https://boxd.it/20ZQ,2
2024-11-02,21,2008,https://boxd.it/20BO,3
2024-11-17,Uncut Gems,2019,https://boxd.it/gXGc,2
2024-11-18,Nickel Boys,2024,https://boxd.it/CStQ,4
2024-11-26,Young Sherlock Holmes,1985,https://boxd.it/1SOg,4.5
2024-12-02,When Harry Met Sally...,1989,https://boxd.it/29W2,3.5
2024-12-07,13 Going on 30,2004,https://boxd.it/1X6e,2.5
2024-12-07,Reservoir Dogs,1992,https://boxd.it/2agc,4.5
2024-12-07,Inglourious Basterds,2009,https://boxd.it/1JzG,4.5
2024-12-08,Little Women,1994,https://boxd.it/1YiU,4
2024-12-08,Die Hard,1988,https://boxd.it/2a7u,4.5
2024-12-20,Tangerine,2015,https://boxd.it/9QRe,4
2024-12-20,Serendipity,2001,https://boxd.it/1XPy,3
2024-12-27,Bottoms,2023,https://boxd.it/uGf2,4
2024-12-30,Conclave,2024,https://boxd.it/AO8q,4
2024-12-30,We Are Who We Are,2020,https://boxd.it/n6GW,1
2025-01-03,Nativity!,2009,https://boxd.it/FRa,2.5
2025-01-07,Sherlock: A Study in Pink,2010,https://boxd.it/mueU,5
2025-01-12,I Used to Be Funny,2023,https://boxd.it/yzvU,2.5
2025-01-13,Kneecap,2024,https://boxd.it/ILxI,4
2025-01-14,How to Lose a Guy in 10 Days,2003,https://boxd.it/1XwG,3
2025-01-15,Across the Universe,2007,https://boxd.it/23X4,2
2025-01-23,Thesis,1996,https://boxd.it/1Z1U,2.5
2025-01-26,A Real Pain,2024,https://boxd.it/CjNG,4
2025-01-26,Anora,2024,https://boxd.it/Egcw,5
2025-01-27,The Brutalist,2024,https://boxd.it/k4BO,4
2025-02-03,Sing Sing,2023,https://boxd.it/HIBA,3.5
2025-02-04,Neon Genesis Evangelion: The End of Evangelion,1997,https://boxd.it/1GRM,4.5
2025-02-08,Climax,2018,https://boxd.it/ikvo,2
2025-02-19,Emilia Pérez,2024,https://boxd.it/AP3G,0.5
2025-03-02,A Complete Unknown,2024,https://boxd.it/oBYa,5
2025-03-03,I'm Still Here,2024,https://boxd.it/BPEO,4.5
2025-03-10,Flow,2024,https://boxd.it/v1Ei,4
2025-03-15,Fantastic Beasts: The Secrets of Dumbledore,2022,https://boxd.it/bg8Q,2.5
2025-03-16,The Intern,2015,https://boxd.it/7AOE,3
2025-03-17,Now You See Me,2013,https://boxd.it/2Bsu,3.5
2025-03-22,The Hunger Games,2012,https://boxd.it/2uds,4
2025-03-22,The Hunger Games: Catching Fire,2013,https://boxd.it/3sAw,4
2025-03-22,Deconstructing Harry,1997,https://boxd.it/26xe,3
2025-03-22,The Hunger Games: Mockingjay – Part 1,2014,https://boxd.it/4hka,3
2025-03-23,Mystic River,2003,https://boxd.it/2aAG,4
2025-03-23,The Hunger Games: Mockingjay – Part 2,2015,https://boxd.it/4hk0,2.5
2025-04-02,Good Omens,2019,https://boxd.it/jUOI,3
2025-04-18,Train to Busan,2016,https://boxd.it/dSQU,4
2025-04-26,Klute,1971,https://boxd.it/2ako,1
2025-04-27,Game Night,2018,https://boxd.it/fRtu,2
2025-05-01,Paterson,2016,https://boxd.it/cRk2,3.5
2025-05-03,The Umbrellas of Cherbourg,1964,https://boxd.it/22fK,4
2025-05-10,The Young Girls of Rochefort,1967,https://boxd.it/26K8,4.5
2025-06-05,Final Destination,2000,https://boxd.it/1YrC,3
2025-06-13,Camp Rock,2008,https://boxd.it/1PHw,2.5
2025-06-14,The Phoenician Scheme,2025,https://boxd.it/H0Ca,3.5
2025-06-29,Moneyball,2011,https://boxd.it/glS,3.5
2025-06-29,Ruby Sparks,2012,https://boxd.it/3w9O,2.5
2025-06-30,Miss Congeniality,2000,https://boxd.it/28GM,2
2025-07-05,Bullet Train,2022,https://boxd.it/qW26,3
2025-07-28,Superman,2025,https://boxd.it/E9IU,3
2025-08-04,Funny Games,1997,https://boxd.it/1WKM,2
2025-08-06,Ponyo,2008,https://boxd.it/1S0A,4.5
2025-08-07,My Oxford Year,2025,https://boxd.it/NSLi,1.5
2025-08-10,La Haine,1995,https://boxd.it/2as8,5
2025-08-11,La Chinoise,1967,https://boxd.it/28rC,4.5
2025-08-23,Coherence,2013,https://boxd.it/6xza,3.5
2025-08-27,The Notebook,2004,https://boxd.it/1UNE,1
2025-08-29,KPop Demon Hunters,2025,https://boxd.it/ufwK,3
2025-09-01,Superbad,2007,https://boxd.it/20hO,2.5
2025-09-01,"Oh, Hi!",2025,https://boxd.it/PLns,2.5
2025-09-08,The Thursday Murder Club,2025,https://boxd.it/rXju,2
2025-09-15,Eddington,2025,https://boxd.it/o6MC,3.5
2025-09-29,One Battle After Another,2025,https://boxd.it/DUHM,4
2025-10-13,All the President's Men,1976,https://boxd.it/29lU,4
2025-10-19,You Again,2010,https://boxd.it/16iw,2
2025-10-26,Springsteen: Deliver Me from Nowhere,2025,https://boxd.it/KJG8,3.5
2025-10-27,Dear Diary,1993,https://boxd.it/1vT8,5
2025-11-11,Frankenstein,2025,https://boxd.it/Ecsg,2.5
2025-11-17,The Long Walk,2025,https://boxd.it/mic8,3.5
2025-12-07,Saturday Night,2024,https://boxd.it/Gpfo,3
2025-12-11,Sentimental Value,2025,https://boxd.it/GwcG,5
2025-12-21,Another Round,2020,https://boxd.it/lkba,4.5
2025-12-28,Shoplifters,2018,https://boxd.it/ifY6,4
2025-12-29,The Grand Budapest Hotel,2014,https://boxd.it/3ZqO,5
2025-12-31,Now You See Me: Now You Don't,2025,https://boxd.it/f3i2,1.5
2026-01-04,The Naked Gun,2025,https://boxd.it/Da9k,2.5
2026-01-07,Bugonia,2025,https://boxd.it/qeWY,3.5
2026-01-14,Wicked,2024,https://boxd.it/e8ME,2.5
2026-01-16,We're All Going to the World's Fair,2021,https://boxd.it/tbmY,1.5
2026-01-17,Catch Me If You Can,2002,https://boxd.it/29VS,4
2026-01-18,Zodiac Killer Project,2025,https://boxd.it/RSDm,3
2026-01-23,"tick, tick... BOOM!",2021,https://boxd.it/jz2e,4
2026-01-28,Sirāt,2025,https://boxd.it/HxJo,3.5
2026-02-01,Hamnet,2025,https://boxd.it/woVy,4
2026-02-02,Sinners,2025,https://boxd.it/KQMM,4
2026-02-08,Rent,2005,https://boxd.it/2844,3.5
2026-02-08,Die My Love,2025,https://boxd.it/D5cI,2
2026-02-08,Moulin Rouge!,2001,https://boxd.it/29wI,3
2026-02-09,F1,2025,https://boxd.it/yjVM,3
2026-02-09,Bridget Jones's Diary,2001,https://boxd.it/29WQ,3
2026-02-11,L'Eclisse,1962,https://boxd.it/1CoG,0.5
2026-02-14,Ad Astra,2019,https://boxd.it/ePzI,0.5
2026-02-15,Blow-Up,1966,https://boxd.it/2966,1.5
2026-02-16,No Other Choice,2025,https://boxd.it/nKiA,3.5
2026-02-19,Dodes'ka-den,1970,https://boxd.it/1fVs,2
2026-02-23,The Secret Agent,2025,https://boxd.it/KkUE,2
2026-02-26,Marty Supreme,2025,https://boxd.it/Off0,5
